title,author,likes,bookmarks,views,date,link

ã‚‰ããŒã ãƒŸãƒªãƒ  ã‚ããŸ ãã†ã§ã™,Hi Why,5,6,90,"July 27, 2021 1:30 PM",https://pixiv.net/en/artworks/91549767
ãƒ‡ã‚¹ãƒˆãƒ­ã‚¤ãƒ¤ãƒ¼,Nadiaz,55,101,273,"July 27, 2021 7:05 AM",https://pixiv.net/en/artworks/91543663
Milim Nava,Ã†zella,19,36,138,"July 26, 2021 10:22 AM",https://pixiv.net/en/artworks/91526677
,ZAQ10741395,0,6,109,"July 25, 2021 8:44 PM",https://pixiv.net/en/artworks/91510907
ãƒŸãƒªãƒ æ§˜,ã‚¢ã‚«ãƒ„ã‚­ã€‚@ç”·ã®å¨˜å¤§å¥½ãï¼,316,500,"2,157","July 25, 2021 4:20 AM",https://pixiv.net/en/artworks/91494689
ãƒ¬ãƒƒãƒ„ã‚«ãƒ³ãƒ•ãƒ¼ï¼,ã‚«ãƒªãƒ•ãƒ©ãƒ¯ãƒ¼,1,17,178,"July 24, 2021 11:02 PM",https://pixiv.net/en/artworks/91487372
ãƒŸãƒªãƒ ã€‚,é‡è‰¯ã¾ã˜ã‚‡ã€‚,0,3,152,"July 23, 2021 11:19 PM",https://pixiv.net/en/artworks/91462255
è»¢ç”Ÿã—ãŸã‚‰ç”Ÿä½“å…µå™¨ã ã£ãŸä»¶,ã•ãã‚Šã‚ã™ã‹,30,71,585,"July 23, 2021 1:22 AM",https://pixiv.net/en/artworks/91440821
ãƒŸãƒªãƒ ,Rimo,112,241,802,"July 22, 2021 8:30 AM",https://pixiv.net/en/artworks/91427648
:3,ã‚·ãƒ¥ãƒ¼ã‚¯ãƒªãƒ¼ãƒ ,39,84,416,"July 20, 2021 6:29 AM",https://pixiv.net/en/artworks/91380794
â˜…å£ãƒ‰ãƒ³â˜†ãƒŸãƒªãƒ å‚æˆ¦â˜…,ã²ã‚ˆ,73,116,"2,445","July 20, 2021 5:58 AM",https://pixiv.net/en/artworks/91379971
ãƒŸãƒªãƒ ãªã®ã ã€œï¼,an,2,12,241,"July 19, 2021 7:55 AM",https://pixiv.net/en/artworks/91361951
ãƒŸãƒªãƒ ,ç„ä¹ƒ(ãã‚ã®)ã‚¨ãƒŸãƒ¼,68,113,565,"July 17, 2021 8:28 PM",https://pixiv.net/en/artworks/91323590
ãƒŸãƒªãƒ ,ãƒŸãƒƒã‚·ã‚§ãƒ«,16,34,368,"July 17, 2021 9:34 AM",https://pixiv.net/en/artworks/91316114
ãƒŸãƒªãƒ ,é›¨å®ˆã‚„ã‹ãŸ,21,39,292,"July 17, 2021 5:40 AM",https://pixiv.net/en/artworks/91309597
è»¢ã‚¹ãƒ©ã‚¤ãƒ©ã‚¹ãƒˆã¾ã¨ã‚,ç´ ç”˜é¤¡å…¥,47,91,"2,397","July 16, 2021 5:51 PM",https://pixiv.net/en/artworks/91296664
è»¢ã‚¹ãƒ©æ—¥è¨˜åä¸€è©±ã®çµµ*TensuraNikki Ep11 ENG,æ˜Ÿç©ºã®æµ·,14,40,531,"July 16, 2021 4:48 PM",https://pixiv.net/en/artworks/91295917
è»¢ç”Ÿã—ãŸã‚‰ãƒ—ãƒªã‚­ãƒ¥ã‚¢ã ã£ãŸä»¶ã€€ãƒãƒ”ãƒã‚¹ãƒãƒ£ãƒ¼ã‚¸ç·¨,ã•ãã‚Šã‚ã™ã‹,85,151,"1,090","July 15, 2021 1:52 AM",https://pixiv.net/en/artworks/91259933
å¤©ã‚¹ãƒ©,ç”°ä¸­å¤ªéƒ,2,5,58,"July 14, 2021 6:34 AM",https://pixiv.net/en/artworks/91244726
ãƒãƒ–ãƒ€ãƒ,RamuNe(ãƒ©ãƒ ãƒ),121,233,"1,207","July 14, 2021 2:27 AM",https://pixiv.net/en/artworks/91239217
ãƒŸãƒªãƒ ãƒ»ãƒŠãƒ¼ãƒ´ã‚¡,ã¡ã‚…ãƒ¼ã¼ãƒ¼,6,7,202,"July 12, 2021 3:00 AM",https://pixiv.net/en/artworks/91197646
ãƒŸãƒªãƒ ãƒ»ãƒŠãƒ¼ãƒ´ã‚¡,ã¡ã‚…ãƒ¼ã¼ãƒ¼,8,9,196,"July 12, 2021 2:44 AM",https://pixiv.net/en/artworks/91197313
ãƒªãƒ ãƒ«æ§˜ã¨ãƒŸãƒªãƒ ã®â€¦,ã‚ãŠ,52,84,705,"July 11, 2021 2:39 PM",https://pixiv.net/en/artworks/91188699
,ä»Šå¤œæœªå¤®,31,66,552,"July 11, 2021 6:25 AM",https://pixiv.net/en/artworks/91179771
ã»ã†ï½¤ãƒ¯ã‚¿ã‚·ã¨éŠã³ãŸã„ã®ã‹,ã‚ŒãŠ,3,6,77,"July 10, 2021 6:07 PM",https://pixiv.net/en/artworks/91163241
7å‘¨å¹´ã¾ã§ã‚ã¨4æ—¥,teresa@kirby,9,10,388,"July 10, 2021 7:09 AM",https://pixiv.net/en/artworks/91153632
ã‚ªã‚¹ã‚¹ãƒ¡ã€è»¢ç”Ÿã—ãŸã‚‰ã‚¹ãƒ©ã‚¤ãƒ ã ã£ãŸä»¶ã€‘,æ‹·å•ã¡ã‚ƒã‚“@å¹»æƒ³éƒ·å…¥ã‚Š,5,7,365,"July 9, 2021 11:08 AM",https://pixiv.net/en/artworks/91134416
è»¢ã‚¹ãƒ©ç¥2æœŸ2éƒ¨ğŸ‰,gucciy313,4,9,280,"July 9, 2021 8:38 AM",https://pixiv.net/en/artworks/91131864
é­”ç‹,pi-no,61,114,550,"July 9, 2021 8:28 AM",https://pixiv.net/en/artworks/91131604
ãƒŸãƒªãƒ ãƒŠãƒ¼ãƒ´ã‚¡,ã¿ã‚„ã†ã¡BOX,27,45,363,"July 8, 2021 6:08 PM",https://pixiv.net/en/artworks/91115628
ãƒªãƒ ãƒ«ã¨ãƒŸãƒªãƒ ã®ãŠæ­£æœˆ,ã•ãã‚Šã‚ã™ã‹,68,117,826,"July 8, 2021 1:40 AM",https://pixiv.net/en/artworks/91099858
æ˜¯ç±³è‰å§†å“ŸÙ©( 'Ï‰' )Ùˆ,å¤±å¿†å°è´è¶,102,198,864,"July 7, 2021 12:30 PM",https://pixiv.net/en/artworks/91091754
ãƒŸãƒªãƒ ,æœˆå³¶æ¢“ç´—,11,26,293,"July 7, 2021 4:00 AM",https://pixiv.net/en/artworks/91079972
ã€Šè»¢ã‚¹ãƒ©ã€‹ä»Šæ—¥ã®è½æ›¸ã,å²©å´ã¤ã°ã•,88,107,"1,679","July 6, 2021 10:42 PM",https://pixiv.net/en/artworks/91074506
ã²ã¾ã‚ã‚Šç•‘ã«ã¦,ãŸã„ã®ã€€ã•ã—ã¿,78,170,990,"July 4, 2021 5:05 AM",https://pixiv.net/en/artworks/91014019
äºŒäººã®è¦ªå‹,K4Ko,243,406,"2,059","July 4, 2021 2:24 AM",https://pixiv.net/en/artworks/91009539
ï¼“ï¼–ï¼–ï¼˜ã€€ã‚·ã‚ªãƒ³ã€€éš ã—å­ç–‘æƒ‘,é•·è€ãŸã¬å‰,17,31,"1,165","July 3, 2021 4:40 PM",https://pixiv.net/en/artworks/90998843
Besties,ã‚¢ãƒ³,4,8,392,"July 2, 2021 4:52 PM",https://pixiv.net/en/artworks/90973474
ãƒŸãƒªãƒ ã€€ãƒˆãƒ¬ãƒ¼ã‚¹,ãƒ€ãƒã‚¹ã‚«ã‚¹,279,444,"2,579","July 1, 2021 8:00 AM",https://pixiv.net/en/artworks/90945959
è»¢ã‚¹ãƒ©æ—¥è¨˜ä¹è©±ã®çµµ *TensuraNikki Ep9 ENG,æ˜Ÿç©ºã®æµ·,67,138,"1,846","June 29, 2021 6:59 PM",https://pixiv.net/en/artworks/90909130
ã‚·ã‚ªãƒ³ã¨ãƒŸãƒªãƒ ,tama56,39,92,662,"June 29, 2021 7:57 AM",https://pixiv.net/en/artworks/90901695
â˜…è»¢ã‚¹ãƒ©æ—¥è¨˜ãŠç–²ã‚Œæ§˜â˜…,ã²ã‚ˆ,132,220,"2,026","June 29, 2021 5:34 AM",https://pixiv.net/en/artworks/90897668
ã‚·ã‚ªãƒ³å§ã•ã‚“VSãƒŸãƒªãƒ æ§˜,ã¸ãŸã‚Œä¾,14,21,"1,215","June 28, 2021 6:02 PM",https://pixiv.net/en/artworks/90887856
ï¼“ï¼–ï¼–ï¼‘ã€€ç¥èª•ã€€ã—ãŠã‚Šã€€ï¼†ã€€ãƒ¢ãƒ¢ã€€ï½æœ€å¼·ã‚¯ãƒ©ã‚¹é­”ç‹å‡ºç¾ï½,é•·è€ãŸã¬å‰,12,19,531,"June 28, 2021 3:05 PM",https://pixiv.net/en/artworks/90886344
ãƒŸãƒªãƒ ,jim,352,753,"3,926","June 27, 2021 8:01 PM",https://pixiv.net/en/artworks/90867443
ï¼“ï¼–ï¼•ï¼™ã€€ã‚¹ãƒ©ã‚¤ãƒ ãƒ‘ãƒ•ã‚§,é•·è€ãŸã¬å‰,27,40,"1,049","June 27, 2021 7:21 PM",https://pixiv.net/en/artworks/90867018
è‰²ä¿®æ•´ã—ã¾ã—ãŸÙ©( á› )Û¶,ã©ã£ãºã‚‹(æ±è¯),2,4,266,"June 27, 2021 4:10 AM",https://pixiv.net/en/artworks/90851682
ãƒ‡ãƒ•ã‚©ãƒ«ãƒ¡ãƒŸãƒªãƒ ã€œÙ©( á› )Û¶,ã©ã£ãºã‚‹(æ±è¯),1,4,238,"June 27, 2021 4:06 AM",https://pixiv.net/en/artworks/90851589
è»¢ã‚¹ãƒ©10åˆ†ãƒãƒ£ãƒ¬ãƒ³ã‚¸,ã‚´ãƒ¼ã‚¹ãƒˆãƒã‚­ãƒ³,11,22,523,"June 26, 2021 8:51 PM",https://pixiv.net/en/artworks/90842037
ï¼“ï¼–ï¼•ï¼—ã€€é¡é–‹ãï¼Ÿã€€è»¢ã‚¹ãƒ©æ—¥è¨˜Ver,é•·è€ãŸã¬å‰,20,27,835,"June 26, 2021 7:18 PM",https://pixiv.net/en/artworks/90840330
é­”ç‹ãƒ­ãƒ¼ãƒ©,ã•ãã‚Šã‚ã™ã‹,53,88,"1,097","June 26, 2021 5:44 PM",https://pixiv.net/en/artworks/90838903
ãƒŸãƒªãƒ ã€œÙ©( á› )Û¶,ã©ã£ãºã‚‹(æ±è¯),2,4,249,"June 26, 2021 6:08 AM",https://pixiv.net/en/artworks/90827915
è»¢ç”Ÿã—ãŸã‚‰ãƒ—ãƒªã‚­ãƒ¥ã‚¢ã ã£ãŸä»¶,ã•ãã‚Šã‚ã™ã‹,100,179,"2,251","June 26, 2021 1:52 AM",https://pixiv.net/en/artworks/90821464
ä»Šæ—¥ã®ç·´ç¿’,é¾é†’,24,45,423,"June 25, 2021 10:13 PM",https://pixiv.net/en/artworks/90817542
Milim Part 4,à¼œ,25,31,444,"June 25, 2021 3:09 PM",https://pixiv.net/en/artworks/90812248
æ¢…é›¨ã®æ™´ã‚Œé–“,e_e,46,83,574,"June 24, 2021 7:23 AM",https://pixiv.net/en/artworks/90784458
ã«ã“ã£,ã‚«ãƒŠãƒªã‚³,166,333,"1,425","June 23, 2021 10:04 PM",https://pixiv.net/en/artworks/90773732
è»¢ã‚¹ãƒ©ã€€ãƒŸãƒªãƒ ãƒ»ãƒŠãƒ¼ãƒ´ã‚¡,Uduro,116,215,979,"June 23, 2021 11:44 AM",https://pixiv.net/en/artworks/90768283
Milim Part 3,à¼œ,1,2,338,"June 22, 2021 1:53 PM",https://pixiv.net/en/artworks/90748174
Milim Part 2,à¼œ,1,2,291,"June 22, 2021 1:33 PM",https://pixiv.net/en/artworks/90748049
Milim Part 1,à¼œ,4,13,349,"June 22, 2021 12:56 PM",https://pixiv.net/en/artworks/90747827
ç·´ç¿’ã€‚ãƒŸãƒªãƒ ã€‚,é‡è‰¯ã¾ã˜ã‚‡ã€‚,7,11,330,"June 22, 2021 12:46 AM",https://pixiv.net/en/artworks/90733654
ãƒŸãƒªãƒ ,Zekushii,25,68,733,"June 21, 2021 1:52 AM",https://pixiv.net/en/artworks/90713193
â˜…ãƒªãƒ ã‚·ã‚¨ã¨æ—¥è¨˜ã¨ãƒŸãƒªãƒ â˜…,ã²ã‚ˆ,182,343,"3,847","June 20, 2021 5:43 AM",https://pixiv.net/en/artworks/90695011
Congratulatory tumbler,å¤¢ãƒãƒ£ãƒ³,118,202,"1,669","June 20, 2021 3:07 AM",https://pixiv.net/en/artworks/90690082
ãƒŸãƒªãƒ ,ãªã¤,251,460,"2,707","June 20, 2021 1:53 AM",https://pixiv.net/en/artworks/90688152
,ã‚ã‚“ã±ã‚“éƒ¨é•·,62,134,"1,401","June 18, 2021 2:39 AM",https://pixiv.net/en/artworks/90637006
ã€Šè»¢ã‚¹ãƒ©ã€‹ä»Šæ—¥ã®è½æ›¸ã,å²©å´ã¤ã°ã•,87,117,"1,958","June 17, 2021 3:42 AM",https://pixiv.net/en/artworks/90617260
æµ·è³ŠãƒŸãƒªãƒ ,ã•ãã‚Šã‚ã™ã‹,83,139,"1,508","June 17, 2021 1:08 AM",https://pixiv.net/en/artworks/90614606
ãƒŸãƒªãƒ ï½¥ãƒŠãƒ¼ãƒ´ã‚¡,å…é¤…-tomochi-,60,121,558,"June 17, 2021 12:48 AM",https://pixiv.net/en/artworks/90614307
é­”ç‹ãƒŸãƒªãƒ è¥²æ¥,ã¸ãŸã‚Œä¾,17,22,892,"June 15, 2021 12:36 PM",https://pixiv.net/en/artworks/90586002
ãƒŸãƒªãƒ ,maou,65,91,752,"June 14, 2021 8:10 AM",https://pixiv.net/en/artworks/90561431
æ¢è¡£æœï¼ˆ16ï¼‰,çŸ³æ™¨å›,385,682,"5,105","June 13, 2021 8:44 PM",https://pixiv.net/en/artworks/90548126
ãƒŸãƒªãƒ (æ¨¡å†™),ã”Ê•â€¢Ì€Ï‰â€¢ÌÊ”ã†,16,23,562,"June 12, 2021 1:46 PM",https://pixiv.net/en/artworks/90516301
æ°´æ™¶ã®å…ˆ,ï¼•ç•ªç›®ã®è¿·ã„çŒ«,72,87,"1,047","June 12, 2021 1:40 PM",https://pixiv.net/en/artworks/90516262
è½æ›¸ããƒŸãƒªãƒ ,ç‹é“é€²è¡Œ,167,302,"1,471","June 12, 2021 5:19 AM",https://pixiv.net/en/artworks/90506242
è»¢ã‚¹ãƒ©ã¾ã¨ã‚â‘¤,konana,192,282,"2,844","June 12, 2021 3:03 AM",https://pixiv.net/en/artworks/90502804
ã‚´ãƒ–ã‚¿å›£å­ã‚‚ãŠã„ã—ãã†ãªã®ã ã€œ,ã•ãã‚Šã‚ã™ã‹,104,166,"1,275","June 12, 2021 12:24 AM",https://pixiv.net/en/artworks/90499468
ãƒŸãƒªãƒ ã¡ã‚ƒã‚“æŠ±ãæ•,Billie,516,853,"4,853","June 10, 2021 7:48 PM",https://pixiv.net/en/artworks/90473168
è»¢ã‚¹ãƒ©,ã¿ã‚‹ãèŒ¶@SKIMAå‹Ÿé›†ä¸­,48,87,722,"June 10, 2021 9:31 AM",https://pixiv.net/en/artworks/90467864
ï¼“ï¼–ï¼“ï¼’ã€€å¯„ç”Ÿèœ‚ã®ãŸã¾ã”,é•·è€ãŸã¬å‰,10,27,845,"June 9, 2021 12:12 AM",https://pixiv.net/en/artworks/90434868
ãƒªãƒ ãƒ«ï¼†ãƒŸãƒªãƒ ,å¤è«,13,35,556,"June 8, 2021 9:58 PM",https://pixiv.net/en/artworks/90433268
ãƒŸãƒªãƒ Â·ãƒŠãƒ¼ãƒ´ã‚¢,Kurone91,124,239,"1,274","June 8, 2021 9:20 PM",https://pixiv.net/en/artworks/90432844
é­”ç‹ãƒŸãƒªãƒ ,ãµã‚ãµã‚ã‚µãƒ³ãƒ‰ãƒãƒƒã‚°,12,19,538,"June 8, 2021 3:42 AM",https://pixiv.net/en/artworks/90416786
ãƒ‰ãƒ©ã‚´ãƒãƒ´ã‚¡,é½‹ã²ã¨ã¯,97,180,"1,645","June 6, 2021 6:03 AM",https://pixiv.net/en/artworks/90375746
ë¦¬ë¬´ë¥´ë°©ì„,kimzuni,86,120,"1,702","June 6, 2021 4:18 AM",https://pixiv.net/en/artworks/90372160
â˜…ãƒŸãƒªãƒ å¤šã‚â˜…,ã²ã‚ˆ,130,236,"3,125","June 6, 2021 4:12 AM",https://pixiv.net/en/artworks/90371933
ãƒŸãƒªãƒ ãƒ»ãƒŠãƒ¼ãƒ´ã‚¡,ë‹¬ë§ì´,39,75,642,"June 5, 2021 1:58 PM",https://pixiv.net/en/artworks/90356118
Sunny and Bright Day,Sibenki,48,94,778,"June 5, 2021 10:52 AM",https://pixiv.net/en/artworks/90354290
ãƒŸãƒªãƒ ,ã‚ŒãŠ,5,7,295,"June 5, 2021 6:33 AM",https://pixiv.net/en/artworks/90347151
a-C;16-8&#39;41&quot;,Lip-MT-ã¯ã‚‹ã²ãã‚‰ã—,353,475,"4,937","June 5, 2021 4:22 AM",https://pixiv.net/en/artworks/90343127
ãƒªãƒ ãƒ«=ãƒ†ãƒ³ãƒšã‚¹ãƒˆVSãƒŸãƒªãƒ ãƒ»ãƒŠãƒ¼ãƒ´ã‚¡,æ™‰,4,9,754,"June 4, 2021 4:59 AM",https://pixiv.net/en/artworks/90319268
ãƒªã‚¯ã‚¨ã‚¹ãƒˆçµµ,ã¸ãŸã‚Œä¾,11,16,"1,756","June 3, 2021 6:10 PM",https://pixiv.net/en/artworks/90309311
ä½•ã‹åŒã˜ã‚‚ã®ã‚’æ„Ÿã˜ãŸã®ã ,ã¦ã‚“ã•ã‚“,269,478,"3,282","June 3, 2021 9:28 AM",https://pixiv.net/en/artworks/90304669
ãƒŸãƒªãƒ ,KOTOHA,369,720,"4,087","June 3, 2021 8:00 AM",https://pixiv.net/en/artworks/90302487
ï¼“ï¼–ï¼’ï¼–ã€€ãƒãƒãƒŸãƒ„ã€ãŸã£ã·ã‚Šèˆã‚ã•ã›ã‚‹ã®ã ï¼,é•·è€ãŸã¬å‰,18,27,"1,009","June 2, 2021 5:19 PM",https://pixiv.net/en/artworks/90287870
ï¼“ï¼–ï¼’ï¼”ã€€å¿œæ´ï¼ã€€ãƒ©ãƒ¼ãƒ¡ãƒ³å¤§é£Ÿã„å¤§ä¼š,é•·è€ãŸã¬å‰,22,32,948,"May 31, 2021 5:53 PM",https://pixiv.net/en/artworks/90243780
ãƒŸãƒªãƒ ,ã‚„ã‹ã‚“â–³,294,491,"2,915","May 31, 2021 6:32 AM",https://pixiv.net/en/artworks/90233379
ãŠã‚„ã™ãƒŸãƒªãƒ ,ã±ã¸ã«ã‚‡ã‚“,259,444,"2,085","May 31, 2021 3:23 AM",https://pixiv.net/en/artworks/90228076
ãƒŸãƒªãƒ ,ã‚¤ã‚ºä¸‰,173,311,"1,427","May 30, 2021 10:24 AM",https://pixiv.net/en/artworks/90216483
ãƒªãƒ ãƒ«ã¨ãƒŸãƒªãƒ ,ã‚‚ãˆã—,72,135,"1,169","May 30, 2021 2:11 AM",https://pixiv.net/en/artworks/90201802
ãƒŸãƒªãƒ ,é½‹ã²ã¨ã¯,162,288,"1,851","May 29, 2021 2:46 AM",https://pixiv.net/en/artworks/90174595
ã€ãƒŸãƒªãƒ ãƒ»ãƒŠãƒ¼ãƒ´ã‚¡ã€€è»¢ç”Ÿã—ãŸã‚‰ã‚¹ãƒ©ã‚¤ãƒ ã ã£ãŸä»¶ã€‘,Li@,185,268,"1,473","May 27, 2021 8:00 AM",https://pixiv.net/en/artworks/90137616
ã‚¹ãƒ©ã‚¤ãƒ ãƒŠã‚¤ãƒˆãªãƒŸãƒªãƒ ã•ã‚“å†ã³â™ª(â—Â´Ï‰ï½€â—),ã‚†ãª,33,75,"1,147","May 27, 2021 2:05 AM",https://pixiv.net/en/artworks/90129660
è»¢ã‚¹ãƒ© ãƒŸãƒªãƒ ,è™å…«,42,77,735,"May 26, 2021 11:16 AM",https://pixiv.net/en/artworks/90121084
ã€Šè»¢ã‚¹ãƒ©ã€‹ä»Šæ—¥ã®è½æ›¸ã,å²©å´ã¤ã°ã•,106,141,"2,342","May 26, 2021 9:38 AM",https://pixiv.net/en/artworks/90119792
ãƒŸãƒªãƒ &ãƒªãƒ ãƒ«,ãƒ¡ãƒ€ã‚«ã‚®ãƒ§ãƒ¼,409,661,"3,978","May 24, 2021 4:54 AM",https://pixiv.net/en/artworks/90070736
â˜…åˆ‡æ‰‹é¢¨â˜…,ã²ã‚ˆ,151,248,"3,216","May 23, 2021 6:24 AM",https://pixiv.net/en/artworks/90049640
é­”ç‹ èœœè‰å§†,æˆ‘æ²’åå­—,37,70,"1,117","May 21, 2021 9:50 PM",https://pixiv.net/en/artworks/90009592
Milim Nava,FR33M4N,35,57,791,"May 20, 2021 10:26 PM",https://pixiv.net/en/artworks/89987296
ï¼“ï¼–ï¼‘ï¼‘ã€€ã€Œãƒªãƒ ãƒ«æ§˜ç²˜åœŸã ãƒ¼ï¼ã€å¹¼å…ã¾ã©ã‹,é•·è€ãŸã¬å‰,14,24,948,"May 20, 2021 5:23 PM",https://pixiv.net/en/artworks/89984152
ì „ìŠ¬ë¼ ë°€ë¦¼ ãƒŸãƒªãƒ ãƒ»ãƒŠãƒ¼ãƒ´ã‚¡,AKGRN,540,"1,266","4,785","May 20, 2021 9:52 AM",https://pixiv.net/en/artworks/89980296
ãƒªãƒ ãƒ«ã€€ãƒŸãƒªãƒ ,KOGOOMA | ã“ãã¾,229,410,"1,900","May 20, 2021 8:00 AM",https://pixiv.net/en/artworks/89977752
ï¼“ï¼–ï¼‘ï¼ã€€ã²ã‚“ã‚„ã‚Šã‚¹ãƒ©ã‚¤ãƒ æ•ã‚’æ¬²ã—ãŒã‚‹ã‚¹ãƒ¤ãƒªã‚¹å§«,é•·è€ãŸã¬å‰,40,68,"1,461","May 20, 2021 4:18 AM",https://pixiv.net/en/artworks/89972000
è»¢ã‚¹ãƒ©,ã¤ãªãŸ,7,11,648,"May 19, 2021 4:50 PM",https://pixiv.net/en/artworks/89963081
ã€Šè»¢ã‚¹ãƒ©ã€‹ä»Šæ—¥ã®è½æ›¸ã,å²©å´ã¤ã°ã•,74,94,"1,727","May 19, 2021 7:49 AM",https://pixiv.net/en/artworks/89956553
ï¼“ï¼–ï¼ï¼˜ã€€ç¥èª•ãƒãƒ«ã‚¼ãƒ³ã‚¹ã‚­ãƒ¼ã€€é­”ç‹ãƒŸãƒªãƒ ãŒã‚¦ãƒå¨˜ã«åˆé­é‡,é•·è€ãŸã¬å‰,25,30,"1,190","May 19, 2021 3:26 AM",https://pixiv.net/en/artworks/89950096
ãƒŸãƒªãƒ ,ã½ã¦ãã¡,116,154,"1,245","May 18, 2021 3:15 PM",https://pixiv.net/en/artworks/89941215
ãƒŸãƒªãƒ ,SparkRoom,11,17,618,"May 14, 2021 8:12 PM",https://pixiv.net/en/artworks/89848710
ã€Šè»¢ã‚¹ãƒ©ã€‹ä»Šæ—¥ã®è½æ›¸ã,å²©å´ã¤ã°ã•,106,130,"2,447","May 12, 2021 7:39 AM",https://pixiv.net/en/artworks/89796308
è»¢ç”Ÿã—ãŸã‚‰ã‚¹ãƒ©ã‚¤ãƒ ã ã£ãŸä»¶ã€€ãƒŸãƒªãƒ ãƒ»ãƒŠãƒ¼ãƒ´ã‚¡,ç´«é›¨@ä¸‡äº‹å±‹,141,234,"1,817","May 12, 2021 5:40 AM",https://pixiv.net/en/artworks/89793178
ãƒªãƒ ãƒ«ï¼†ãƒŸãƒªãƒ ,ãªã¤ã®ã­ã‹ãŸ,156,262,"2,634","May 11, 2021 12:25 AM",https://pixiv.net/en/artworks/89766461
ã€å†æ²ã€‘ãƒŸãƒªãƒ ã¡ã‚ƒã‚“ã®ã‚±ãƒ„ï¼ï¼ï¼ï¼ˆå±ã€è¿½åŠ ï¼‰,lapiness,186,379,"4,096","May 10, 2021 6:15 AM",https://pixiv.net/en/artworks/89752244
ãƒŸãƒªãƒ ,Serufu,136,239,"1,504","May 10, 2021 5:31 AM",https://pixiv.net/en/artworks/89750931
ãƒŸãƒªãƒ ,Fliby,56,111,"1,067","May 6, 2021 5:26 AM",https://pixiv.net/en/artworks/89652781
ãƒŸãƒªãƒ Â·ãƒŠãƒ¼ãƒ´ã‚¢,ZIXX H,13,23,570,"May 6, 2021 3:45 AM",https://pixiv.net/en/artworks/89650366
è»¢ã‚¹ãƒ© é­”ç‹ãƒŸãƒªãƒ ,ã”ã˜ã‚…ã†ï¼’,37,57,726,"May 5, 2021 4:16 PM",https://pixiv.net/en/artworks/89641377
It&#39;s Mirim!,ã“ã¤ã¶ã‚ã‚“,4,11,596,"May 5, 2021 3:37 AM",https://pixiv.net/en/artworks/89625911
ç±³è‰å§†Â·çº³ç“¦,ç„¶å›~,64,116,859,"May 5, 2021 2:33 AM",https://pixiv.net/en/artworks/89624195
Mirim Nava.,ã“ã¤ã¶ã‚ã‚“,8,16,600,"May 4, 2021 3:26 AM",https://pixiv.net/en/artworks/89596475
â˜…ãŠãã‚ã„ï¼â˜…,ã²ã‚ˆ,223,369,"3,807","May 3, 2021 6:07 AM",https://pixiv.net/en/artworks/89575023
è»¢ã‚¹ãƒ©ã€€ãƒŸãƒªãƒ ã€€æ‰‹æã,ã“ã‚ãã¾,5,7,495,"May 3, 2021 2:16 AM",https://pixiv.net/en/artworks/89569221
Milim Nava,Edchi,174,359,"1,837","May 1, 2021 1:01 PM",https://pixiv.net/en/artworks/89531481
ã€è»¢ã‚¹ãƒ©ã€‘ã€€ãƒŸãƒªãƒ ãƒ»ãƒŠãƒ¼ãƒ´ã‚¡,508ï¼ˆã“ãƒ¼ã‚„ï¼‰,173,290,"1,851","May 1, 2021 6:37 AM",https://pixiv.net/en/artworks/89523678
ãµãµã‚“,ã¡ã‚‡ã“,69,159,972,"May 1, 2021 4:17 AM",https://pixiv.net/en/artworks/89519670
è»¢ç”Ÿã—ãŸã‚‰ã‚¹ãƒ©ã‚¤ãƒ ã ã£ãŸä»¶,asdfasdf,95,153,"1,980","April 30, 2021 6:24 AM",https://pixiv.net/en/artworks/89497711
å¤ã¯ã€ãƒŸãƒªãƒ ã‚‚ãƒ“ã‚­ãƒ‹ã§å‚åŠ ã ã­ï¼ï¼Ÿ,é‡‘é‡ç«œé¦¬,31,42,847,"April 30, 2021 5:28 AM",https://pixiv.net/en/artworks/89496208
ï¼“ï¼•ï¼˜ï¼ã€€ä½•ãŒãã‚“ãªã«æ¥ãšã‹ã—ã„ã®ã ï¼Ÿ,é•·è€ãŸã¬å‰,47,80,"1,655","April 28, 2021 4:58 PM",https://pixiv.net/en/artworks/89460550
ãƒŸãƒªãƒ ã¡ã‚ƒã‚“â¤ï¸,ã‚‹ã‚‹ã‚â˜†,13,19,966,"April 28, 2021 5:25 AM",https://pixiv.net/en/artworks/89450830
pixivä»Šæ—¥ã®ãŠé¡Œã€Œæ‰‹ãƒ„ã‚¤ãƒ³ãƒ†ã€,ãˆã£ãã·ã‚‰ã‚“ã¨24h,15,19,462,"April 27, 2021 2:05 PM",https://pixiv.net/en/artworks/89439911
ãƒŸãƒªãƒ ,éŠ€ã®äºº,6,8,584,"April 27, 2021 6:18 AM",https://pixiv.net/en/artworks/89432713
è»¢ã‚¹ãƒ©log2,ã¾ã‚ˆ,84,60,"1,973","April 26, 2021 4:20 AM",https://pixiv.net/en/artworks/89410358
ãƒ•ãƒ©ãƒ³ã¡ã‚ƒã‚“ 1.46draw ï¼‹Î±,misabiko,17,26,602,"April 25, 2021 7:45 AM",https://pixiv.net/en/artworks/89395019
ã€ MSPaint ã€‘ãƒŸãƒªãƒ  - è»¢ç”Ÿã—ãŸã‚‰ã‚¹ãƒ©ã‚¤ãƒ ã ã£ãŸä»¶,æ°·ç©º,121,197,"2,266","April 24, 2021 8:59 AM",https://pixiv.net/en/artworks/89370458
è»¢ã‚¹ãƒ©ã®é­”ç‹ãƒŸãƒªãƒ ,ç©ºã³ã‚“,30,46,735,"April 24, 2021 3:10 AM",https://pixiv.net/en/artworks/89360893
è»¢ã‚¹ãƒ© ãƒŸãƒªãƒ ã‚’æã„ã¦ã¿ãŸã€‚,ç‡•ç‡•ã®ä½œæ¥­éƒ¨å±‹,4,6,551,"April 23, 2021 8:37 PM",https://pixiv.net/en/artworks/89354247
ãŠã“ãªã®ã ï¼,e_e,12,17,590,"April 22, 2021 3:02 AM",https://pixiv.net/en/artworks/89318263
ãã‚‰ã£â˜…,e_e,14,20,528,"April 22, 2021 2:39 AM",https://pixiv.net/en/artworks/89317841
ãšã£ã¨ã¤ã„ã¦ãã‚‹ãƒŸãƒªãƒ ã•ã‚“ã€‚,ã¯ãã¡ã‚ƒã‚“,18,35,"1,301","April 20, 2021 9:09 AM",https://pixiv.net/en/artworks/89288145
ã‚ã‚Œã‚Œï¼Ÿã®ãƒãƒ¼ã‚º,ç´¬ã‚†ã„,92,145,"1,474","April 20, 2021 8:50 AM",https://pixiv.net/en/artworks/89287731
ãƒãƒ–ãƒ€ãƒãªã®ã â™ª,e_e,8,12,500,"April 20, 2021 1:34 AM",https://pixiv.net/en/artworks/89277710
ãƒŸãƒªãƒ ã©ãƒ¼ã—ãŸï½—,Hi Why,8,3,498,"April 18, 2021 7:13 PM",https://pixiv.net/en/artworks/89253320
ãƒŸãƒªãƒ ç«œè£…,SunTail,136,206,"1,520","April 17, 2021 2:21 AM",https://pixiv.net/en/artworks/89208980
ãƒŸãƒªãƒ ã•ã‚“(ãŠã¾ã‘çµµ),ã‚†ãª,33,65,"1,308","April 15, 2021 2:30 AM",https://pixiv.net/en/artworks/89167277
é­”ç‹æ§˜ã®ã‚±ãƒ³ã‚«ã€‚,ã‚†ãª,18,35,"1,191","April 15, 2021 2:18 AM",https://pixiv.net/en/artworks/89167117
ãƒãƒ–ãƒ€ãƒ,mahiro,4,7,465,"April 14, 2021 7:25 AM",https://pixiv.net/en/artworks/89154520
Milim fan art,Kos,19,34,729,"April 13, 2021 3:34 AM",https://pixiv.net/en/artworks/89129192
è»¢ã‚¹ãƒ©,tsubasa,54,63,919,"April 13, 2021 1:50 AM",https://pixiv.net/en/artworks/89127278
ãƒŸãƒªãƒ æ§˜ã«è…¹ãƒ‘ãƒ³ã—ãŸã‚‰æ‹³ãŒç •ã‘ã¦ã—ã¾ã£ãŸä»¶,ã¸ãŸã‚Œä¾,66,122,"5,368","April 13, 2021 12:09 AM",https://pixiv.net/en/artworks/89125854
ãƒŸãƒªãƒ ,ãƒãƒŠãƒ™ã‚·ã‚³,30,55,634,"April 12, 2021 3:51 AM",https://pixiv.net/en/artworks/89109565
ãƒŸãƒªãƒ ,Danse ä¸¹æ°,57,96,976,"April 10, 2021 1:33 AM",https://pixiv.net/en/artworks/89059395
è»¢ã‚¹ãƒ©çµµ,é»’ä¸‰è§’,23,34,"1,968","April 4, 2021 6:27 AM",https://pixiv.net/en/artworks/88936846
,Kei Kisaragi,108,185,"1,664","April 4, 2021 12:48 AM",https://pixiv.net/en/artworks/88926992
è»¢ã‚¹ãƒ©Ã—ç™½çŒ«ãƒ—ãƒ­ã‚¸ã‚§ã‚¯ãƒˆ ãƒŸãƒªãƒ  æ¨¡å†™,ä¸‰ãƒè¼ªéŠ€,24,38,999,"April 3, 2021 6:50 AM",https://pixiv.net/en/artworks/88909179
ãƒŸãƒªãƒ   â˜†  ãƒŠãƒ¼ãƒ´ã‚¡,Be_nZ,35,61,"1,045","April 2, 2021 11:58 PM",https://pixiv.net/en/artworks/88899667
ãƒŸãƒªãƒ  2021 4/2,n09t,32,66,"1,114","April 1, 2021 5:37 PM",https://pixiv.net/en/artworks/88871927
ã‚¹ãƒ©ã‚¤ãƒ ãƒŠã‚¤ãƒˆãªãƒŸãƒªãƒ ã•ã‚“2,ã‚†ãª,48,75,"1,503","April 1, 2021 3:00 AM",https://pixiv.net/en/artworks/88857019
ã‚¹ãƒ©ã‚¤ãƒ ãƒŠã‚¤ãƒˆãªãƒŸãƒªãƒ ã•ã‚“1,ã‚†ãª,32,53,"1,090","April 1, 2021 2:30 AM",https://pixiv.net/en/artworks/88856382
ãƒŸãƒªãƒ ãƒ»ãƒŠãƒ¼ãƒ´ã‚¡,ã—ã‚‰ã™,93,145,"1,479","April 1, 2021 12:18 AM",https://pixiv.net/en/artworks/88854176
ã‹ãã‚Œã‚“ã¼,ãƒãƒ¡é›»9,666,844,"18,952","March 31, 2021 3:24 AM",https://pixiv.net/en/artworks/88833483
è»¢ã‚¹ãƒ©ã€‚,å…«ã‚¯å¯ºï¼°,269,411,"3,111","March 31, 2021 1:02 AM",https://pixiv.net/en/artworks/88830842
ãƒŸãƒªãƒ ,ã¯ã‚„ã¨,30,43,"1,132","March 29, 2021 10:37 PM",https://pixiv.net/en/artworks/88807423
ç±³è‰å§†,æ¢…éˆ,15,22,744,"March 29, 2021 6:33 PM",https://pixiv.net/en/artworks/88804605
ãƒŸãƒªãƒ ,ãƒ’ãƒ­ã,"2,428","3,460","22,325","March 29, 2021 8:00 AM",https://pixiv.net/en/artworks/88797295
è»¢ç”Ÿã—ãŸã‚‰ãƒ—ãƒªã‚­ãƒ¥ã‚¢ã ã£ãŸä»¶,ã•ãã‚Šã‚ã™ã‹,82,117,"2,383","March 27, 2021 5:27 PM",https://pixiv.net/en/artworks/88755551
å¤§ç½ªã‚¹ã‚­ãƒ«ã‚·ãƒªãƒ¼ã‚º,ã¾ã‚ˆ,458,599,"16,021","March 27, 2021 6:50 AM",https://pixiv.net/en/artworks/88745998
ãƒŸãƒªãƒ ï¼†ãƒªãƒ ãƒ«,Kei Kisaragi,85,128,"1,320","March 24, 2021 7:11 PM",https://pixiv.net/en/artworks/88690068
ç«œçš‡å¥³,é›¶,28,51,940,"March 24, 2021 8:43 AM",https://pixiv.net/en/artworks/88683914
Mirimu Naava,Code Fumi,135,224,"1,702","March 23, 2021 10:24 AM",https://pixiv.net/en/artworks/88664451
ãƒŸãƒªãƒ ,ã¦ã‚“ã•ã‚“,170,299,"1,912","March 21, 2021 3:58 PM",https://pixiv.net/en/artworks/88624610
è»¢ã‚¹ãƒ©,ã•ã£ã¡,29,45,"1,054","March 21, 2021 5:50 AM",https://pixiv.net/en/artworks/88613204
ãƒŸãƒªãƒ ğŸ§¸,æ£®é‡ã‚†ã‚(ã‚¤ãƒ©ã‚¹ãƒˆåˆå¿ƒè€…),26,47,"1,041","March 17, 2021 11:19 PM",https://pixiv.net/en/artworks/88531599
,åç„¡ã—,77,116,"1,227","March 17, 2021 3:00 AM",https://pixiv.net/en/artworks/88514415
èœœè‰å§†,Nigher,205,359,"2,683","March 16, 2021 5:25 PM",https://pixiv.net/en/artworks/88507098
æ¼¢æœãƒŸãƒªãƒ ã¡ã‚ƒã‚“,ã¾ã‚ˆ,29,41,"1,068","March 14, 2021 4:46 AM",https://pixiv.net/en/artworks/88449793
ãƒŸãƒªãƒ ,ãªãŠ,8,8,664,"March 14, 2021 1:50 AM",https://pixiv.net/en/artworks/88446485
PREDATOR,Rou,552,821,"9,131","March 13, 2021 2:10 AM",https://pixiv.net/en/artworks/88418684
é­”ç‹,ã»ãŸã‚‹ã‚‹,193,267,"1,847","March 8, 2021 7:07 PM",https://pixiv.net/en/artworks/88323082
ãŠç¥­ã‚Šè»¢ã‚¹ãƒ©,F-2A,85,138,"2,614","March 8, 2021 7:02 AM",https://pixiv.net/en/artworks/88314310
Drago Buster!,Feca,611,"1,000","7,522","March 7, 2021 8:51 AM",https://pixiv.net/en/artworks/88294968
Milim,ãµã‚Šãµã¤,20,45,881,"March 7, 2021 6:13 AM",https://pixiv.net/en/artworks/88290274
ãƒŸãƒªãƒ ã¡ã‚ƒã‚“æã„ã¦ã¿ãŸï¼ï¼ˆã‚»ãƒ¼ãƒ©ãƒ¼æœç‰ˆï¼‰,ã•ã„ã®ã²ã‹ã‚Šã€‚,97,146,"2,138","March 6, 2021 4:53 PM",https://pixiv.net/en/artworks/88271499
è»¢ã‚¹ãƒ©log 1,ã¾ã‚ˆ,148,126,"3,636","March 6, 2021 3:45 PM",https://pixiv.net/en/artworks/88270749
Milim,Zasshu,"1,148","1,944","8,138","March 6, 2021 8:08 AM",https://pixiv.net/en/artworks/88265841
Milim Nava,Exirator,262,444,"3,151","March 6, 2021 4:49 AM",https://pixiv.net/en/artworks/88259592
è»¢ã‚¹ãƒ©ã€€ãƒŸãƒªãƒ ,è¶³ä¹ƒã€€ã¡ã¾ã©,190,304,"1,861","March 6, 2021 2:22 AM",https://pixiv.net/en/artworks/88255852
ãƒŸãƒªãƒ ,ç‰éœ²ï¼ˆãŸã¾ã¤ã‚†ï¼‰,48,72,"1,218","March 5, 2021 10:50 AM",https://pixiv.net/en/artworks/88242921
ã€Šè»¢ã‚¹ãƒ©ã€‹ä»Šæ—¥ã®è½æ›¸ã,å²©å´ã¤ã°ã•,173,230,"4,887","March 5, 2021 4:42 AM",https://pixiv.net/en/artworks/88234760
Milim-chan â¤â¤â¤,Akamine-Desuga,42,88,"1,038","March 4, 2021 3:05 AM",https://pixiv.net/en/artworks/88211170
å…«æ˜Ÿé­”ç‹ã€€å¥³å­ãƒ¡ãƒ³ãƒ„,ã¾ã‚ˆ,163,250,"5,485","March 2, 2021 3:34 AM",https://pixiv.net/en/artworks/88168708
ãƒŸãƒªãƒ ã¡ã‚ƒã‚“æã„ã¦ã¿ãŸï¼ï¼ˆãƒ–ãƒ«ãƒç‰ˆï¼‰,å½©ä¹ƒ æ™¶ã€‚,120,194,"2,535","March 1, 2021 4:24 PM",https://pixiv.net/en/artworks/88158685
ã´ãƒ¼ã™,Norio,238,420,"2,195","March 1, 2021 6:53 AM",https://pixiv.net/en/artworks/88151512
ãƒŸãƒªãƒ ,ã™ã¦ã‚‰,89,133,"1,185","February 28, 2021 5:12 AM",https://pixiv.net/en/artworks/88122951
ãƒŸãƒªãƒ ã¡ã‚ƒã‚“æã„ã¦ã¿ãŸï¼,ã•ã„ã®ã²ã‹ã‚Šã€‚,85,133,"1,999","February 27, 2021 6:40 PM",https://pixiv.net/en/artworks/88106526
è»¢ã‚¹ãƒ©ã®é¦™æ°´ã‚³ãƒ©ãƒœã®ç§æœãŒâ€¦ï¼ï¼,ã¾ã‚ˆ,18,32,"1,227","February 26, 2021 4:05 AM",https://pixiv.net/en/artworks/88065896
ãƒŸãƒªãƒ çµè¡£ãƒ»ã‚­ãƒ¥ãƒ¼ãƒˆã‚«ãƒ•ã‚§åˆ¶æœã€ã‚¯ãƒ­ã‚¹ã‚ªãƒ¼ãƒãƒ¼ã€‘,F-2A,62,85,"2,088","February 24, 2021 7:01 AM",https://pixiv.net/en/artworks/88028157
ãƒŸãƒªãƒ ãƒ»ãƒŠãƒ¼ãƒ´ã‚¡,ohashi,132,252,"1,524","February 24, 2021 3:09 AM",https://pixiv.net/en/artworks/88021522
ã ï½ã„å¥½ããªã‚¢ãƒ‹ãƒ¡ã¨æ¨ã—ã‚­ãƒ£ãƒ©ã§ã™ğŸ’–,éº»ç”Ÿæ³“å¤(ã²ã“ãŸ),35,45,"1,640","February 24, 2021 2:44 AM",https://pixiv.net/en/artworks/88020992
æ¨¡å†™,èŠ³é‡ã‚¢ãƒ«ãƒˆ,9,11,539,"February 23, 2021 6:25 AM",https://pixiv.net/en/artworks/88003504
è‰è“å§†,ç»¯ç™½,94,129,"1,233","February 20, 2021 1:04 AM",https://pixiv.net/en/artworks/87913877
ãƒŸãƒªãƒ ãƒ»ãƒŠãƒ¼ãƒ´ã‚¡,èŠ±æ‚ ,49,75,841,"February 19, 2021 10:49 PM",https://pixiv.net/en/artworks/87911208
æ¨¡å†™,èŠ³é‡ã‚¢ãƒ«ãƒˆ,1,4,461,"February 19, 2021 6:58 AM",https://pixiv.net/en/artworks/87898596
ãƒŸãƒªãƒ ã€‚,MAG,10,19,671,"February 19, 2021 6:34 AM",https://pixiv.net/en/artworks/87897928
è¦ªå‹,å¾¡å‚æ£®æ£®å­,92,126,"1,441","February 18, 2021 2:05 PM",https://pixiv.net/en/artworks/87882401
è»¢ã‚¹ãƒ©,nao,37,74,"1,216","February 18, 2021 7:00 AM",https://pixiv.net/en/artworks/87877221
ãƒŸãƒªãƒ ãƒ»ãƒŠãƒ¼ãƒ´ã‚¡,å‡œèœ,13,36,769,"February 17, 2021 4:40 AM",https://pixiv.net/en/artworks/87851618
ãƒŸãƒªãƒ ã‚¥ã‚¥ã‚¥ã‚¥ã‚¥ï¼ï¼ï¼w,ã¿ã‚…ãƒ¼ã‹,4,9,720,"February 15, 2021 1:31 AM",https://pixiv.net/en/artworks/87802315
ã€Šè»¢ã‚¹ãƒ©ã€‹ä»Šæ—¥ã®è½æ›¸ã,å²©å´ã¤ã°ã•,94,115,"3,529","February 14, 2021 7:28 AM",https://pixiv.net/en/artworks/87786934
ğŸ¯ã¯ã¡ã¿ã¤é­”ç‹ğŸ,èœã€…å½©,104,218,"1,789","February 14, 2021 6:58 AM",https://pixiv.net/en/artworks/87785283
ãƒŸãƒªãƒ ,ã‚­ãƒã‚³å›,34,65,"1,255","February 13, 2021 6:04 AM",https://pixiv.net/en/artworks/87744050
è»¢ã‚¹ãƒ©ãƒ¼ãƒŸãƒªãƒ ãƒ¼,å†¬å’²ã‚Šã,7,13,733,"February 12, 2021 9:31 PM",https://pixiv.net/en/artworks/87731956
è»¢ã‚¹ãƒ©ãƒ»ãƒ‘ãƒ³ã‚¯ã‚´ã‚·ãƒƒã‚¯,F-2A,85,121,"2,479","February 12, 2021 7:11 AM",https://pixiv.net/en/artworks/87720768
è»¢ã‚¹ãƒ©,Roah,"1,064","1,556","8,148","February 12, 2021 3:53 AM",https://www.pixiv.net/en/artworks/87715115
ğŸ°ğŸ¯âœ¨,ã¦ã‚“ã•ã‚“,255,439,"2,207","February 12, 2021 3:17 AM",https://pixiv.net/en/artworks/87714253
é­”ç‹ãƒŸãƒªãƒ ãƒ»ãƒŠãƒ¼ãƒ´ã‚¡,Piroï¼ˆFANBOXé–‹å§‹ï¼‰,"1,283","1,798","10,352","February 11, 2021 7:06 AM",https://pixiv.net/en/artworks/87698365
ã€Šè»¢ã‚¹ãƒ©ã€‹ä»Šæ—¥ã®è½æ›¸ã,å²©å´ã¤ã°ã•,106,140,"2,727","February 10, 2021 5:04 PM",https://pixiv.net/en/artworks/87680577
è»¢ç”Ÿã—ãŸã‚‰ãƒ“ãƒ¼ã‚¹ãƒˆãƒ†ã‚¤ãƒãƒ¼ã ã£ãŸä»¶,ã•ãã‚Šã‚ã™ã‹,85,157,"2,414","February 9, 2021 2:25 AM",https://pixiv.net/en/artworks/87646073
ãªã£ãªã‚“ãªã®ã !(æ”¹è‰¯ç‰ˆ),mirimulove,2,6,681,"February 8, 2021 2:10 AM",https://pixiv.net/en/artworks/87624451
ãƒŸãƒªãƒ ãƒ»ãƒŠãƒ¼ãƒ´ã‚¡,ã›ã‚Šã‹ï½¡à»’ê’±Â·ã‚œ,96,151,"1,323","February 5, 2021 5:18 PM",https://pixiv.net/en/artworks/87564033
ãƒŸãƒªãƒ ãƒ»ãƒŠãƒ¼ãƒ´ã‚¡,Nina/,255,420,"2,259","February 4, 2021 3:25 AM",https://pixiv.net/en/artworks/87529482
ãƒŸãƒªãƒ ,ã‚¤ã‚ºä¸‰,281,543,"3,010","February 4, 2021 1:00 AM",https://pixiv.net/en/artworks/87526564
ãƒªãƒ¡ã‚¤ã‚¯ç‰ˆ ã‚†ã‚ã‹ã‚ãƒŸãƒªãƒ ã¡ã‚ƒã‚“,ã´ã£ï¼,13,18,697,"February 3, 2021 10:47 PM",https://pixiv.net/en/artworks/87524775
å·®åˆ†!!,ã¸ãŸã‚Œä¾,9,19,859,"February 2, 2021 1:59 PM",https://pixiv.net/en/artworks/87497980
ç§ã®ãƒãƒãƒŸãƒ„ã¯èª°ã«ã‚‚ã‚ã’ãªã„ã®ã ã£ï¼ï¼ï¼,ã¡ã³ã¸ã„,12,18,760,"February 2, 2021 6:38 AM",https://pixiv.net/en/artworks/87491698
Millim Nava/ãƒŸãƒªãƒ ãƒ»ãƒŠãƒ¼ãƒ´ã‚¡,Watashiworks,11,27,885,"February 1, 2021 10:07 AM",https://pixiv.net/en/artworks/87473360
ç¬¬2ãƒªã‚¯ã‚¨ã‚¹ãƒˆçµµ!!,ã¸ãŸã‚Œä¾,24,47,"1,124","January 30, 2021 11:03 PM",https://pixiv.net/en/artworks/87430907
Milim Nava,LaevaZeinn,10,14,620,"January 30, 2021 2:13 AM",https://pixiv.net/en/artworks/87407580
ãƒŸãƒªãƒ ãƒ»ãƒŠãƒ¼ãƒ´ã‚¡,Taiwanäºº,3,9,661,"January 28, 2021 4:19 AM",https://pixiv.net/en/artworks/87364602
ãƒŸãƒªãƒ Chang!,ä¸ƒç·’éŒ¬,88,188,"1,292","January 27, 2021 7:45 AM",https://pixiv.net/en/artworks/87349116
ãƒªãƒ ãƒ«ã¨å‡ºä¼šã†å‰ã¯ã“ã‚“ãªæ„Ÿã˜ã‹ã€‚,ç‰™è™,51,80,"1,928","January 26, 2021 10:02 AM",https://pixiv.net/en/artworks/87330212
ã€ç ´å£Šã®ã‚¢ã‚¤ãƒ‰ãƒ«ã€ãƒŸãƒªãƒ ãƒ»ãƒŠãƒ¼ãƒ´ã‚¡,ã‚ã£ã¨@,8,14,793,"January 25, 2021 9:21 AM",https://pixiv.net/en/artworks/87308596
ãƒŸãƒªãƒ ,ãƒªãƒãƒ«,342,561,"3,005","January 25, 2021 7:16 AM",https://pixiv.net/en/artworks/87306109
ãƒŸãƒªãƒ ã¯å¾®ç¬‘ã‚“ã ,Kurone91,64,125,"1,218","January 24, 2021 8:06 PM",https://pixiv.net/en/artworks/87292808
ãƒªãƒ ãƒ«ã‚’æŠ±ãã—ã‚ã‚‹ãƒŸãƒªãƒ ã¡ã‚ƒã‚“,show1009,57,95,"2,626","January 24, 2021 2:50 PM",https://pixiv.net/en/artworks/87289520
ë°€ë¦¼,Fresha Yamyami,22,30,704,"January 24, 2021 9:26 AM",https://pixiv.net/en/artworks/87286438
ãƒŸãƒªãƒ ã®è£¸ãƒ‘ãƒ¼ã‚«ãƒ¼,ã‚´ã‚­ãƒã‚³,31,61,"1,152","January 24, 2021 12:38 AM",https://pixiv.net/en/artworks/87271813
ï¼“ï¼”ï¼“ï¼•ã€€ç¥èª•ã€€å¤æµ·ã€èª•ç”Ÿæ—¥ã«é­”ç‹ã«ãªã£ãŸå¤¢ã‚’ã¿ã‚‹ï¼’,é•·è€ãŸã¬å‰,19,22,931,"January 23, 2021 6:43 PM",https://pixiv.net/en/artworks/87264483
ãƒŸãƒªãƒ ,ä¸­æœ±æ‘,3,7,571,"January 23, 2021 4:59 AM",https://pixiv.net/en/artworks/87250984
ãƒŸãƒªãƒ ãƒ»ãƒŠãƒ¼ãƒ´ã‚¡,é‡è‰¯ã­ã“,28,70,695,"January 21, 2021 7:12 AM",https://pixiv.net/en/artworks/87208835
ãƒŸãƒªãƒ ,è„‡å½¹^_^,7,17,586,"January 21, 2021 5:54 AM",https://pixiv.net/en/artworks/87206667
ã‚·ãƒªã‚«Ã—é­”ç‹ãƒŸãƒªãƒ ,ã•ãã‚Šã‚ã™ã‹,66,119,"1,830","January 20, 2021 1:32 AM",https://pixiv.net/en/artworks/87180631
,ãƒŸâœ®æ˜Ÿç©º,255,203,"2,757","January 19, 2021 4:42 AM",https://pixiv.net/en/artworks/87164446
ãƒŸãƒªãƒ ã•ã‚“2â™ª,ã‚†ãª,41,71,"1,346","January 19, 2021 2:00 AM",https://pixiv.net/en/artworks/87161011
ãƒŸãƒªãƒ ã•ã‚“1(*Â´Ï‰`*),ã‚†ãª,31,59,"1,027","January 19, 2021 1:30 AM",https://pixiv.net/en/artworks/87160470
ãƒãƒ–ãƒ€ãƒï¼ï¼ï¼,ã¾ã‚ˆ,62,105,"2,056","January 18, 2021 4:37 AM",https://pixiv.net/en/artworks/87143810
é­”ç‹æ§˜,ã¦ã‚“ã•ã‚“,366,637,"4,463","January 18, 2021 4:04 AM",https://pixiv.net/en/artworks/87142955
è»¢ç”Ÿã—ãŸã‚‰ã‚¹ãƒ©ã‚¤ãƒ ã ã£ãŸä»¶ï¼ˆæ¨¡å†™ç·´ç¿’ï¼‰,ç ‚ç³–è“å­,29,44,"1,194","January 17, 2021 6:46 AM",https://pixiv.net/en/artworks/87125423
åˆãƒªã‚¯ã‚¨ã‚¹ãƒˆçµµ!!,ã¸ãŸã‚Œä¾,14,23,"1,005","January 15, 2021 5:13 PM",https://pixiv.net/en/artworks/87080671
è»¢ã‚¹ãƒ©,ã¿ã‚‹ã¿ã‚‹,268,471,"3,174","January 14, 2021 7:09 AM",https://pixiv.net/en/artworks/87053769
è»¢ã‚¹ãƒ©ã€€ãƒŸãƒªãƒ ãƒ»ãƒŠãƒ¼ãƒ´ã‚¡ã€€æã„ã¦ã¿ãŸ,ã„ã‚ã‚“ãªã‚¢ãƒ‹ãƒ¡ã‚­ãƒ£ãƒ©æã„ã¦ã¿ãŸ,31,54,699,"January 14, 2021 6:05 AM",https://pixiv.net/en/artworks/87051861
,ã¡ãƒ¼ãš,12,30,723,"January 14, 2021 4:39 AM",https://pixiv.net/en/artworks/87049793
ãƒŸãƒªãƒ ã¡ã‚ƒã¾,ä¸ƒç¯ãƒ„ãƒã‚­@ãŠä»•äº‹å‹Ÿé›†ä¸­,471,896,"3,454","January 13, 2021 7:47 AM",https://pixiv.net/en/artworks/87034780
â¤,Bzsk.,"1,548","2,283","13,084","January 12, 2021 8:46 AM",https://pixiv.net/en/artworks/87016084
ãƒŸãƒªãƒªãƒ ,ã¦ã‚“ã•ã‚“,116,240,"1,450","January 11, 2021 5:09 AM",https://pixiv.net/en/artworks/86989223
ã€Šè»¢ã‚¹ãƒ©ã€‹ä»Šæ—¥ã®è½æ›¸ã,å²©å´ã¤ã°ã•,80,98,"1,986","January 11, 2021 3:31 AM",https://pixiv.net/en/artworks/86986264
è»¢ã‚¹ãƒ©ã‹ã‚‰ãƒŸãƒªãƒ ã¡ã‚ƒã‚“ã¨ã‚½ã‚¦ã‚¨ã‚¤ã•ã‚“,ãˆã ã¾ã‚ã€‚,25,35,322,"January 11, 2021 2:13 AM",https://pixiv.net/en/artworks/86984250
ãƒŸãƒªãƒ ,ãƒ¦ã‚¦ã‚µã‚¯,103,131,"1,318","January 10, 2021 12:30 AM",https://pixiv.net/en/artworks/86954709
ã¿ã‚Šã‚€ã‚‹â˜†+ã€‚ã‚œ,HimeAyaâ˜†+ã€‚ã‚œ,16,25,824,"January 7, 2021 4:59 AM",https://pixiv.net/en/artworks/86889802
ãƒŸãƒªãƒ ãƒ»ãƒŠãƒ¼ãƒ´ã‚¡,ã‚­ãƒã‚³ã‚“,2,5,553,"January 6, 2021 3:42 AM",https://pixiv.net/en/artworks/86865885
ãƒŸãƒªãƒ ,æ¡œéŸ³ãƒŸã‚«,17,30,706,"January 5, 2021 6:02 PM",https://pixiv.net/en/artworks/86856957
Tempest New Year,,273,283,"2,663","January 3, 2021 5:50 PM",https://pixiv.net/en/artworks/86808746
ç ´å£Šã®æš´å› ãƒŸãƒªãƒ ãƒ»ãƒŠãƒ¼ãƒ´ã‚¡,ãƒ‹ãƒ¥ã‚¦,638,"1,139","5,661","December 29, 2020 7:15 AM",https://pixiv.net/en/artworks/86634258
ã€MMDã€‘ãƒªãƒ ãƒŸãƒªãƒã‚¸ãƒ†ã‚£ãƒ–â˜†ãƒ€ãƒ³ã‚¹ã‚¿ã‚¤ãƒ ã€è»¢ã‚¹ãƒ©ã€‘,ãƒ†ã‚¤ã‚¸ï¼ˆãƒ†ã‚¤ã‚¸ï¼°),14,15,"1,098","December 29, 2020 4:55 AM",https://pixiv.net/en/artworks/86629957
ã‚¹ãƒ©ã‚¤ãƒ å½¢ã®ä½“ã«ãƒ•ã‚£ãƒƒãƒˆã™ã‚‹ã‚½ãƒ•ã‚¡ï¼,kotori,236,334,"3,289","December 27, 2020 11:05 PM",https://pixiv.net/en/artworks/86600555
ãƒŸãƒªãƒ ãƒ»ãƒŠãƒ¼ãƒ´ã‚¡,ã‚·ãƒ£ãƒ«ãƒ­ãƒƒãƒ†,12,23,654,"December 27, 2020 5:48 PM",https://pixiv.net/en/artworks/86596184
ï¼“ï¼”ï¼ï¼’ã€€ç¥èª•ã€€çœŸå†¬å…ˆç”Ÿã€€ã¨ã‚ã‚‹ãŠé¢¨å‘‚å±‹ã•ã‚“ã«ã¦,é•·è€ãŸã¬å‰,17,26,"1,206","December 27, 2020 5:13 PM",https://pixiv.net/en/artworks/86595799
ã€Šè»¢ã‚¹ãƒ©ã€‹ä»Šæ—¥ã®è½æ›¸ã,å²©å´ã¤ã°ã•,79,103,"2,175","December 27, 2020 7:35 AM",https://pixiv.net/en/artworks/86589918
èœœè‰å§†!!!!!,è’¼ç¥,64,113,"1,279","December 26, 2020 8:34 AM",https://pixiv.net/en/artworks/86566381
ãƒ¡ãƒªãƒ¼ã‚¯ãƒªã‚¹ãƒã‚¹,ã¦ã‚“ã•ã‚“,231,363,"3,551","December 26, 2020 4:55 AM",https://pixiv.net/en/artworks/86560215
ãƒŸãƒªãƒ ãƒ»ãƒŠãƒ¼ãƒ´ã‚¡,asdfasdf,168,279,"3,869","December 25, 2020 8:05 AM",https://pixiv.net/en/artworks/86541634
è»¢ã‚¹ãƒ©ã•ã‚“ãŸ,F-2A,143,218,"3,257","December 25, 2020 7:03 AM",https://pixiv.net/en/artworks/86539574
,asdfasdf,165,260,"6,510","December 23, 2020 11:07 AM",https://pixiv.net/en/artworks/86488402
é­”ç‹ã®ä¼‘æ—¥ã€€ãã®2,ãªã”,25,31,"1,391","December 23, 2020 7:04 AM",https://pixiv.net/en/artworks/86484172
ãƒŸãƒªãƒ ,ãµ ã ğŸµ,153,219,"2,084","December 18, 2020 5:22 AM",https://pixiv.net/en/artworks/86377565
æ¨ã—ã‚’15äººã‚‚æš´éœ²ã—ãŸã‚‰ãã®äººã®è¶£å‘³è¶£å‘ä¸¸åˆ†ã‹ã‚Šèª¬,yuukiaway,4,10,"1,179","December 17, 2020 5:13 PM",https://pixiv.net/en/artworks/86367392
ã€Šè»¢ã‚¹ãƒ©ã€‹ä»Šæ—¥ã®è½æ›¸ã,å²©å´ã¤ã°ã•,96,116,"2,749","December 12, 2020 10:50 PM",https://pixiv.net/en/artworks/86274426
Marle (By CallTwilight),CallTwilight,6,9,909,"December 11, 2020 6:42 PM",https://pixiv.net/en/artworks/86246666
ãƒŸãƒªãƒ ,ã‚¸ãƒ¥ãƒ™,1,4,661,"December 11, 2020 4:37 AM",https://pixiv.net/en/artworks/86235350
è»¢ã‚¹ãƒ©,mochico,53,85,"1,525","December 11, 2020 12:42 AM",https://pixiv.net/en/artworks/86230784
èœ‚èœœæ²’äº†!,å‰å·ç´˜ (Hiro),"1,334","2,090","14,252","December 7, 2020 11:55 PM",https://pixiv.net/en/artworks/86173078
ã€Šè»¢ã‚¹ãƒ©ã€‹ä»Šæ—¥ã®è½æ›¸ã,å²©å´ã¤ã°ã•,116,167,"3,167","December 6, 2020 5:41 AM",https://pixiv.net/en/artworks/86139323
ãƒŸãƒªãƒ (*ï¾Ÿâˆ€ï¾Ÿ*),å’ªå©­Miya,"2,194","3,845","14,357","December 4, 2020 1:57 AM",https://pixiv.net/en/artworks/86086975
ãƒªãƒ ãƒ«&ãƒŸãƒªãƒ ,ã¡ãƒ¼ãª,128,197,"2,002","December 3, 2020 5:18 AM",https://pixiv.net/en/artworks/86071909
ã¿ã‚Šã‚€ã®ã—ã‚Š,éœ§æ©‹ã—ã¶ã@boothè²©å£²ä¸­,177,308,"2,687","December 3, 2020 3:59 AM",https://pixiv.net/en/artworks/86070069
ã€Šè»¢ã‚¹ãƒ©ã€‹ä»Šæ—¥ã®è½æ›¸ã,å²©å´ã¤ã°ã•,67,81,"2,038","December 1, 2020 11:05 PM",https://pixiv.net/en/artworks/86046439
è»¢ç”Ÿã—ãŸã‚‰ãƒ—ãƒªã‚­ãƒ¥ã‚¢ã ã£ãŸä»¶,ã•ãã‚Šã‚ã™ã‹,32,46,"1,435","November 28, 2020 6:16 PM",https://pixiv.net/en/artworks/85976992
Inktober 2018 - Part 1,satsukix3,3,8,848,"November 21, 2020 4:52 PM",https://pixiv.net/en/artworks/85824167
ãƒŸãƒªãƒ ,ã‚ã„ã“,9,20,821,"November 20, 2020 5:12 AM",https://pixiv.net/en/artworks/85791018
ãƒŸãƒªãƒ ,ã‚ã„ã“,7,13,794,"November 17, 2020 10:05 PM",https://pixiv.net/en/artworks/85745980
ã€Twilogã€‘ä¸€æ—¥ä¸€çµµ 11ï½20æ—¥ç›®,ã‚‹ã”,24,25,"1,320","November 16, 2020 9:47 AM",https://pixiv.net/en/artworks/85721186
ãƒŸãƒªãƒ ãƒ»ãƒŠãƒ¼ãƒ´ã‚¡,æš‡è”µã€€æ¹¯å¤ª,200,389,"2,279","November 14, 2020 6:18 AM",https://pixiv.net/en/artworks/85671312
Trolls] Today&#39;s Doodles.,å²©å´ã¤ã°ã•,109,125,"2,629","November 13, 2020 4:28 AM",https://pixiv.net/en/artworks/85646870
ãƒŸãƒªãƒ ãƒ»ãƒŠãƒ¼ãƒ´ã‚¡,ç©ºéŸ³ã™ã‹ã„ğŸƒskyğŸƒ,3,7,810,"November 12, 2020 2:38 PM",https://pixiv.net/en/artworks/85636499
ã®ã—ã‹ã‹ã‚‰ã‚Œãƒªãƒ ãƒ«æ§˜,ãƒ˜ã‚³ã‚¦ã‚£ãƒ³ãƒ»ãƒŸã‚ª,76,129,"2,165","November 11, 2020 12:33 AM",https://pixiv.net/en/artworks/85603317
Milim Icon,Mossu,66,101,"1,235","November 7, 2020 11:41 AM",https://pixiv.net/en/artworks/85531096
ã€Šè»¢ã‚¹ãƒ©ã€‹ä»Šæ—¥ã®è½æ›¸ã,å²©å´ã¤ã°ã•,72,93,"2,247","November 4, 2020 9:49 AM",https://pixiv.net/en/artworks/85468809
ãƒŸãƒªãƒ ,è±†ã”é£¯,4,9,"1,018","November 4, 2020 7:50 AM",https://pixiv.net/en/artworks/85467082
Happy HalloweenğŸƒ,ã‚Šã¹ã‚‹,103,160,"3,259","October 31, 2020 1:18 AM",https://pixiv.net/en/artworks/85356634
ãƒãƒ§ã‚­ãƒªãƒ¼ãƒŒï¼†ãƒŸãƒªãƒ ,teresa@kirby,6,9,"1,164","October 25, 2020 6:42 AM",https://pixiv.net/en/artworks/85240568
ãƒŸãƒªãƒ ,ã†ã„ã¯ã‚‹,88,129,"1,368","October 25, 2020 5:55 AM",https://pixiv.net/en/artworks/85239080
è»¢ç”Ÿã—ãŸã‚‰ã‚¹ãƒ©ãƒªãƒ³ã ã£ãŸä»¶ã€‚,çœŸå¥ˆäºº,89,166,"1,898","October 25, 2020 5:09 AM",https://pixiv.net/en/artworks/85237706
ãƒŸãƒªãƒ ï¼ˆãƒãƒ‹ãƒ¼verï¼‰&ãƒªãƒ ãƒ«,âˆš,50,89,"1,152","October 22, 2020 8:54 AM",https://pixiv.net/en/artworks/85177876
ãƒŸãƒªãƒ æ§˜,ã¸ãŸã‚Œä¾,9,18,930,"October 19, 2020 9:18 PM",https://pixiv.net/en/artworks/85128573
ã€Šè»¢ã‚¹ãƒ©ã€‹ä»Šæ—¥ã®è½æ›¸ã,å²©å´ã¤ã°ã•,107,147,"2,788","October 19, 2020 4:49 PM",https://pixiv.net/en/artworks/85126251
ã€Šè»¢ã‚¹ãƒ©ã€‹ä»Šæ—¥ã®è½æ›¸ã,å²©å´ã¤ã°ã•,84,105,"2,679","October 18, 2020 1:18 AM",https://pixiv.net/en/artworks/85090189
ãƒŸãƒªãƒ ãƒ»ãƒŠãƒ¼ãƒ´ã‚¡,Hong,"8,237","11,819","57,020","October 15, 2020 8:05 AM",https://pixiv.net/en/artworks/85035183
çšæœˆï¼†ãƒŸãƒªãƒ ,,7,10,"1,071","October 15, 2020 12:17 AM",https://pixiv.net/en/artworks/85026077
14 - å¯æœˆ,,444,695,"5,224","October 14, 2020 1:38 PM",https://pixiv.net/en/artworks/85020769
æµå­ï¼†ãƒŸãƒªãƒ ,teresa@kirby,11,11,"1,135","October 14, 2020 6:53 AM",https://pixiv.net/en/artworks/85015084
ãªã‚ãªã‚ãƒªãƒ ãƒ«ï½ğŸµ,å…«æº€,6,8,"1,018","October 14, 2020 5:51 AM",https://pixiv.net/en/artworks/85013567
è¶…ãƒ‰æ´¾æ‰‹ãªè¡£è£…,teresa@kirby,9,11,"1,000","October 12, 2020 6:01 PM",https://pixiv.net/en/artworks/84985057
ãƒŸãƒªãƒ Chang!,ä¸ƒç·’éŒ¬,59,188,"1,944","October 4, 2020 11:12 AM",https://pixiv.net/en/artworks/84812690
å¤§ä½œ,,6,4,"1,256","September 29, 2020 3:11 AM",https://pixiv.net/en/artworks/84690745
ãƒŸãƒªãƒ ãƒ»ãƒŠãƒ¼ãƒ´ã‚¡,å¤œæ°—ãƒˆãƒãƒª,225,425,"2,539","September 19, 2020 3:00 AM",https://pixiv.net/en/artworks/84472054
ãƒŸãƒªãƒ ,è¨€è¯š_YanCheng,59,92,"2,607","September 18, 2020 11:17 PM",https://pixiv.net/en/artworks/84468018
ã€Šè»¢ã‚¹ãƒ©ã€‹ä»Šæ—¥ã®è½æ›¸ã,å²©å´ã¤ã°ã•,74,89,"2,433","September 14, 2020 9:22 AM",https://pixiv.net/en/artworks/84381559
Millim Nava â¤ï¸,jhonnyH,38,64,"1,403","September 13, 2020 8:20 PM",https://pixiv.net/en/artworks/84367381
ã‚·ã‚ºã¨ã£ãŸã©ãƒ¼ï¼,åœŸç«œé›¶è™Ÿ,62,125,"2,564","September 13, 2020 4:07 AM",https://pixiv.net/en/artworks/84351341
ãƒŸãƒªãƒ ãƒ»ãƒŠãƒ¼ãƒ´ã‚¡,Alan0017,19,42,922,"September 11, 2020 9:40 PM",https://pixiv.net/en/artworks/84317152
Skeb(ãƒŸãƒªãƒ ),GENEK,877,"1,346","11,937","September 9, 2020 3:00 AM",https://pixiv.net/en/artworks/84260823
Milin Boxing,GenAfterG,14,28,994,"September 7, 2020 8:32 AM",https://pixiv.net/en/artworks/84228941
è»¢ã‚¹ãƒ©ã¾ã¨ã‚3,é¢¨æ±°,796,972,"16,246","September 7, 2020 4:28 AM",https://pixiv.net/en/artworks/84222171
ãƒŸãƒªãƒ â€¢ãƒŠãƒ¼ãƒ´ã‚¡,tama56,42,67,"1,681","September 5, 2020 10:05 AM",https://pixiv.net/en/artworks/84182524
ãƒãƒ–ãƒ€ãƒã£ï¼,ãƒãƒ§ã‚³ã¾ã‚“ã˜ã‚…ã†,41,68,"1,309","September 5, 2020 9:35 AM",https://pixiv.net/en/artworks/84181982
ãƒŸãƒªãƒ ,ãµã¿ã¤ã,60,89,"1,695","September 5, 2020 3:21 AM",https://pixiv.net/en/artworks/84172159
Demon Lord Milim Nava,Silvrfox,4,3,119,"September 4, 2020 8:53 AM",https://pixiv.net/en/artworks/84157648
OC Cosplay~ å­ä¾›ã®ã‚³ã‚¹ãƒ—ãƒ¬ã€œ,bunijayy,15,23,"1,078","September 3, 2020 6:00 PM",https://pixiv.net/en/artworks/84142785
ãƒŸãƒªãƒ ,ãƒªãƒãƒ«,645,"1,063","6,845","September 1, 2020 11:37 AM",https://pixiv.net/en/artworks/84099171
è»¢ã‚¹ãƒ©,å±±ç¾Š,107,157,"2,002","September 1, 2020 11:36 AM",https://pixiv.net/en/artworks/84099166
ãƒŸãƒªãƒ ,ç™½å…,31,54,"1,153","August 28, 2020 9:58 PM",https://pixiv.net/en/artworks/84006064
ãƒ¯ã‚¿ã‚·ãŒæœ€å¼·ãªã®ã â€¼ï¸,FLEA,37,76,"1,296","August 28, 2020 6:44 PM",https://pixiv.net/en/artworks/84003469
ì „ìƒìŠ¬ before / after,ãƒ€ãƒ³ã‚¸ãƒ§ãƒ³ã«,21,53,"3,596","August 28, 2020 3:15 AM",https://pixiv.net/en/artworks/83989453
ç§ã®æ¤…å­ã«ãªã‚‹ã‚“ã ãï¼,ã®ã‚Šã¾ã,193,405,"2,820","August 25, 2020 3:23 AM",https://pixiv.net/en/artworks/83927871
ë°€ë¦¼ë‚˜ë°” ìˆ˜ì •ì¤‘2,ãƒ€ãƒ³ã‚¸ãƒ§ãƒ³ã«,61,100,"3,120","August 24, 2020 7:52 PM",https://pixiv.net/en/artworks/83921727
ë°€ë¦¼ ìˆ˜ì •ì¤‘,ãƒ€ãƒ³ã‚¸ãƒ§ãƒ³ã«,72,127,"2,953","August 24, 2020 12:16 PM",https://pixiv.net/en/artworks/83918306
ãƒŸãƒªãƒ ,ã´ã‹ã¦ãµï¼ˆä»®ï¼‰,3,10,861,"August 22, 2020 5:57 AM",https://pixiv.net/en/artworks/83862329
ãšãƒ¼ã£ã¨ä¸€ç·’ãªã®ã â€¼,mirimulove,5,7,"1,007","August 18, 2020 1:18 AM",https://pixiv.net/en/artworks/83770943
ãƒŸãƒªãƒ ãƒ»ãƒŠãƒ¼ãƒ´ã‚¡,SakiE,292,538,"2,830","August 17, 2020 5:24 AM",https://pixiv.net/en/artworks/83754689
æ­¢ã‚ã«å…¥ã‚‹5ç§’å‰,,385,691,"4,929","August 15, 2020 8:08 PM",https://pixiv.net/en/artworks/83718790
å‹é”ã¨è¨€ã†ã‚ˆã‚Šã€ãƒãƒ–ãƒ€ãƒã ãªï¼,ã‹ã™ã¦ãƒ©(TerA),570,875,"4,820","August 15, 2020 4:20 AM",https://pixiv.net/en/artworks/83701744
é­”ç‹ãƒŸãƒªãƒ ãƒ»ãƒŠãƒ¼ãƒ´ã‚¡ã ãï¼,ã‹ã™ã¦ãƒ©(TerA),269,399,"2,429","August 14, 2020 6:13 AM",https://pixiv.net/en/artworks/83678779
è»¢ã‚¹ãƒ©Twitterã¾ã¨ã‚,ã‚·ãƒ£ãƒ«ãƒ­ãƒƒãƒ†,13,17,"1,459","August 12, 2020 10:37 PM",https://pixiv.net/en/artworks/83646246
ãƒŸãƒªãƒ ãƒ»ãƒŠãƒ¼ãƒ´ã‚¡,ãŸã«ã—ğŸš,232,383,"2,825","August 10, 2020 8:49 PM",https://pixiv.net/en/artworks/83599724
é­”ç‹ãƒŸãƒªãƒ ãƒ»ãƒŠãƒ¼ãƒ´ã‚¡,ã¾ã‚èŒ¶,287,440,"4,042","August 10, 2020 7:03 AM",https://pixiv.net/en/artworks/83588485
ãƒŸãƒªãƒ ã ã£ã¦ã‹ã‚ã„ããªã‚ŠãŸã„,å¤œéœ§,72,99,"1,372","August 5, 2020 3:58 AM",https://pixiv.net/en/artworks/83465845
è»¢ã‚¹ãƒ©å…­å·»æ¨¡å†™,Richy,5,10,995,"August 4, 2020 3:21 PM",https://pixiv.net/en/artworks/83456593
ãƒŸãƒªãƒ ãƒ»ãƒŠãƒ¼ãƒ´ã‚¡,ã²ã‚‰ã‚Šã‚“,17,30,930,"August 4, 2020 7:25 AM",https://pixiv.net/en/artworks/83450359
Milim Nava,Kumoriã‹ã„ãŒ,247,423,"2,991","July 31, 2020 9:36 PM",https://pixiv.net/en/artworks/83366393
Nava Millim,Staradder,62,106,"3,544","July 30, 2020 1:37 PM",https://pixiv.net/en/artworks/83338527
é­”ç‹,Caramelå¸ƒä¸,89,177,"2,477","July 29, 2020 10:36 AM",https://pixiv.net/en/artworks/83317164
æ°´ç€ã®å­£ç¯€,ã¦ã‚“ã•ã‚“,137,238,"1,816","July 29, 2020 2:01 AM",https://pixiv.net/en/artworks/83305543
æµ·è³Š,ã¦ã‚“ã•ã‚“,41,70,"1,205","July 27, 2020 3:23 AM",https://pixiv.net/en/artworks/83266174
